{"Episode Length": 51, "Running Reward": 106.73068905050604, "Trial": 0, "Epoch": 471, "_timestamp": 1693544353.7601988, "_runtime": 101.45172572135925, "_step": 471, "_wandb": {"runtime": 100}}