{"Episode Length": 9, "Running Reward": 8.417633620603043, "Trial": 4, "Epoch": 1999, "_timestamp": 1693585723.745753, "_runtime": 5684.498595952988, "_step": 10004, "Trial 1": 8.301283123412128, "Trial 2": 392.27421152862865, "Trial 3": 12.416453450391428, "Trial 4": 8.368091258816296, "Trial 5": 8.417633620603043, "_wandb": {"runtime": 5683}}