{"Episode Length": 9, "Running Reward": 8.480644219407617, "Trial": 4, "Epoch": 1999, "_timestamp": 1693645892.1506834, "_runtime": 968.2679343223572, "_step": 10004, "Trial 1": 8.312952344668146, "Trial 2": 8.398428901181276, "Trial 3": 8.330189590654827, "Trial 4": 8.341691590363224, "Trial 5": 8.480644219407617, "_wandb": {"runtime": 967}}