{"Episode Length": 176, "Running Reward": 114.97012278479717, "Trial": 4, "Epoch": 999, "_timestamp": 1693574426.3297348, "_runtime": 3894.567863702774, "_step": 5004, "Trial 1": 91.73085850571316, "Trial 2": 48.606827217212604, "Trial 3": 11.912632972621234, "Trial 4": 58.06518723025848, "Trial 5": 114.97012278479717, "_wandb": {"runtime": 3893}}