{"Episode Length": 499, "Running Reward": 318.88659161803895, "Trial": 4, "Epoch": 1999, "_timestamp": 1693651700.269016, "_runtime": 3500.277001142502, "_step": 10004, "Trial 1": 8.411782470662885, "Trial 2": 116.18336952372336, "Trial 3": 8.353235918817132, "Trial 4": 15.427187680749485, "Trial 5": 318.88659161803895, "_wandb": {"runtime": 3499}}