{"Episode Length": 9, "Running Reward": 10, "Trial": 4, "Epoch": 4999, "_timestamp": 1693663917.2865021, "_runtime": 8730.704127073288, "_step": 25004, "Trial 1": 10, "Trial 2": 10, "Trial 3": 10, "Trial 4": 10, "Trial 5": 10, "_wandb": {"runtime": 8730}}