{"Episode Length": 8, "Running Reward": 12.557275473968653, "Trial": 4, "Epoch": 999, "_timestamp": 1693545822.7741323, "_runtime": 1438.7587323188782, "_step": 5004, "Trial 1": 169.20201694235098, "Trial 2": 96.99441529673176, "Trial 3": 69.90400459279218, "Trial 4": 134.90150764705285, "Trial 5": 12.557275473968653, "_wandb": {"runtime": 1438}}