{"Episode Length": 7, "Running Reward": 47.68363250121351, "Trial": 1, "Epoch": 999, "_timestamp": 1693543860.9292238, "_runtime": 425.97706484794617, "_step": 2001, "Trial 1": 9.168257779314613, "Trial 2": 47.68363250121351, "_wandb": {"runtime": 423}}