{"Episode Length": 163, "Running Reward": 163, "Trial": 0, "Epoch": 4999, "_timestamp": 1693739428.2449083, "_runtime": 4457.564699411392, "_step": 4999, "_wandb": {"runtime": 4455}}