{"Episode Length": 309, "Running Reward": 177.95871778836764, "Trial": 4, "Epoch": 4999, "_timestamp": 1693671142.8688908, "_runtime": 9875.353450775146, "_step": 25004, "Trial 1": 31.90512327708362, "Trial 2": 70.51524344454062, "Trial 3": 187.99865478150892, "Trial 4": 81.05936914171296, "Trial 5": 177.95871778836764, "_wandb": {"runtime": 9874}}