{"Episode Length": 74, "Running Reward": 44.678501882084774, "Trial": 0, "Epoch": 1642, "_timestamp": 1693707223.7450085, "_runtime": 351.5614974498749, "_step": 1642}