{"actor_loss": -2.384185791015625e-06, "critic_loss": 19777.041015625, "_timestamp": 1694259113.9509811, "_runtime": 60.67603516578674, "_step": 999, "_wandb": {"runtime": 60}}