{"Episode Length": 9, "Running Reward": 9, "Trial": 0, "Epoch": 4999, "_timestamp": 1693737406.6921134, "_runtime": 2520.460038423538, "_step": 4999, "_wandb": {"runtime": 2519}}