{"Episode Length": 130, "Running Reward": 130, "Trial": 0, "Epoch": 4999, "_timestamp": 1693741199.952964, "_runtime": 2785.652297973633, "_step": 4999, "_wandb": {"runtime": 2784}}