{"Episode Length": 9, "Running Reward": 319.57393441957976, "Trial": 0, "Epoch": 4999, "_timestamp": 1693713688.2084887, "_runtime": 5163.042585611343, "_step": 4999, "_wandb": {"runtime": 5162}}