{"Episode Length": 9, "Running Reward": 63.01624121927393, "Trial": 4, "Epoch": 999, "_timestamp": 1693578452.244616, "_runtime": 2792.5079691410065, "_step": 5004, "Trial 1": 102.13245215571537, "Trial 2": 166.32301395081865, "Trial 3": 73.81691139074891, "Trial 4": 123.76341563784025, "Trial 5": 63.01624121927393, "_wandb": {"runtime": 2791}}