{"Episode Length": 101, "Running Reward": 25.730675069223803, "Trial": 1, "Epoch": 502, "_timestamp": 1693544243.0990465, "_runtime": 204.7208034992218, "_step": 1502, "_wandb": {"runtime": 204}}