{"Episode Length": 499, "Running Reward": 10, "Trial": 4, "Epoch": 999, "_timestamp": 1693828078.3874972, "_runtime": 2398.9878001213074, "_step": 5004, "Trial 1": 336, "Trial 2": 138, "Trial 3": 499, "Trial 4": 8, "Trial 5": 499, "_wandb": {"runtime": 2416}}