{"Episode Length": 96, "Running Reward": 81.25159455435676, "Trial": 4, "Epoch": 1999, "_timestamp": 1693586303.440928, "_runtime": 7548.065989017487, "_step": 10004, "Trial 1": 235.09528845368985, "Trial 2": 74.22350360112151, "Trial 3": 16.265425450246116, "Trial 4": 96.24850760288471, "Trial 5": 81.25159455435676, "_wandb": {"runtime": 7547}}