{"Episode Length": 18, "Running Reward": 18, "Trial": 4, "Epoch": 999, "_timestamp": 1693746591.1065383, "_runtime": 637.4017913341522, "_step": 5004, "Trial 1": 11, "Trial 2": 9, "Trial 3": 9, "Trial 4": 26, "Trial 5": 18, "_wandb": {"runtime": 636}}