{"Episode Length": 111, "Running Reward": 10, "Trial": 2, "Actor Loss": 0.0473109669983387, "Critic Loss": 876.0158081054688, "_timestamp": 1693897615.1034787, "_runtime": 184.2736177444458, "_step": 1311}