{"Episode Length": 13, "Running Reward": 13, "Trial": 4, "Epoch": 999, "_timestamp": 1693747666.9890165, "_runtime": 682.4132494926453, "_step": 5004, "Trial 1": 16, "Trial 2": 11, "Trial 3": 14, "Trial 4": 26, "Trial 5": 13, "_wandb": {"runtime": 682}}