{"Episode Length": 60, "Running Reward": 62.62940640775434, "Trial": 4, "Epoch": 1999, "_timestamp": 1693654886.2080555, "_runtime": 1697.78919839859, "_step": 10004, "Trial 1": 99.95342121309318, "Trial 2": 62.76622703411008, "Trial 3": 59.27148849005026, "Trial 4": 95.50717061940166, "Trial 5": 62.62940640775434, "_wandb": {"runtime": 1697}}