{"Episode Length": 10, "Running Reward": 10, "Trial": 4, "Epoch": 4999, "_timestamp": 1693758836.4785714, "_runtime": 17217.491894483566, "_step": 25004, "Trial 1": 357, "Trial 2": 315, "Trial 3": 167, "Trial 4": 21, "Trial 5": 10, "_wandb": {"runtime": 17217}}