{"Episode Length": 112, "Running Reward": 198.09929313487734, "Trial": 4, "Epoch": 999, "_timestamp": 1693756115.2242024, "_runtime": 4674.44152545929, "_step": 5004, "Trial 1": 21.979183229247006, "Trial 2": 366.18436355896563, "Trial 3": 72.20353776735607, "Trial 4": 9.7185960553623, "Trial 5": 198.09929313487734, "_wandb": {"runtime": 4673}}