{"Episode Length": 391, "Running Reward": 10, "Trial": 4, "Epoch": 999, "_timestamp": 1693761640.9433296, "_runtime": 3707.870009660721, "_step": 5004, "Trial 1": 455, "Trial 2": 8, "Trial 3": 9, "Trial 4": 8, "Trial 5": 391, "_wandb": {"runtime": 3707}}